<?xml version="1.0" encoding="utf-8" ?>
<Patch>

<!-- Add linkable Facilities to Simple Bench-->
  <Operation Class="PatchOperationConditional">
    <xpath>Defs/ThingDef[defName="SimpleResearchBench"]/comps</xpath>
    <nomatch Class="PatchOperationAdd">
      <xpath>Defs/ThingDef[defName="SimpleResearchBench"]</xpath>
      <value>
        <comps/>
      </value>
    </nomatch>
  </Operation>
  <Operation Class="PatchOperationConditional">
    <xpath>Defs/ThingDef[defName="SimpleResearchBench"]/comps/li[@Class="CompProperties_AffectedByFacilities"]</xpath>
    <nomatch Class="PatchOperationAdd">
      <xpath>Defs/ThingDef[defName="SimpleResearchBench"]/comps</xpath>
      <value>
        <li Class="CompProperties_AffectedByFacilities">
          <linkableFacilities />
        </li>
      </value>
    </nomatch>
  </Operation>
  <Operation Class="PatchOperationConditional">
    <xpath>Defs/ThingDef[defName="SimpleResearchBench"]/placeWorkers/li[text()="PlaceWorker_ShowFacilitiesConnections"]</xpath>
    <nomatch Class="PatchOperationAdd">
      <xpath>Defs/ThingDef[defName="SimpleResearchBench"]/placeWorkers</xpath>
      <value>
        <li>PlaceWorker_ShowFacilitiesConnections</li>
      </value>
    </nomatch>
  </Operation>

<!-- Add links to Simple Research Bench -->
  <Operation Class="PatchOperationAdd">
    <xpath>Defs/ThingDef[defName="SimpleResearchBench"]/comps/li[@Class="CompProperties_AffectedByFacilities"]/linkableFacilities</xpath>
    <value>
      <li>ResearchSampleBench</li>
    </value>
  </Operation>

<!-- Add links to Hi-Tech Research Bench -->
  <Operation Class="PatchOperationAdd">
    <xpath>Defs/ThingDef[defName="HiTechResearchBench"]/comps/li[@Class="CompProperties_AffectedByFacilities"]/linkableFacilities</xpath>
    <value>
      <li>ResearchSampleBench</li>
	  <li>ArchotechAnalyzer</li>
    </value>
  </Operation>

<!--============= Add Paper Fuel - Simple Research Bench =============--> 
    <Operation Class="PatchOperationAdd">
		<xpath>/Defs/ThingDef[defName = "SimpleResearchBench"]/comps</xpath>
		  <value>
			<!-- <comps> -->
			  <li Class="CompProperties_Refuelable">
				<fuelLabel>Research Papers</fuelLabel>
				<fuelConsumptionRate>1</fuelConsumptionRate>
				<fuelCapacity>1.0</fuelCapacity>
				<fuelFilter>
				  <thingDefs>
					<li>ResearchPapers</li>
				  </thingDefs>
				</fuelFilter>
				<consumeFuelOnlyWhenUsed>true</consumeFuelOnlyWhenUsed>
				<showAllowAutoRefuelToggle>true</showAllowAutoRefuelToggle>
			  </li>
			<!-- </comps> -->
		  </value>
    </Operation>

<!--============= Add Data Fuel - High-Tech Research Bench =============--> 	
	<Operation Class="PatchOperationAdd">
		<xpath>/Defs/ThingDef[defName = "HiTechResearchBench"]/comps</xpath>
		  <value>
			<!-- <comps> -->
			  <li Class="CompProperties_Refuelable">
				<fuelLabel>Research Data</fuelLabel>
				<fuelConsumptionRate>1</fuelConsumptionRate>
				<fuelCapacity>1</fuelCapacity>
				<fuelFilter>
				  <thingDefs>
					<li>ResearchData</li>
				  </thingDefs>
				</fuelFilter>
				<consumeFuelOnlyWhenUsed>true</consumeFuelOnlyWhenUsed>
				<showAllowAutoRefuelToggle>true</showAllowAutoRefuelToggle>
			  </li>
			<!-- </comps> -->
		  </value>
    </Operation>

<!--============= Add Data Fuel - Analyzer =============--> 
	<Operation Class="PatchOperationAdd">
		<xpath>/Defs/ThingDef[defName = "MultiAnalyzer"]</xpath>
		  <value>
				<tickerType>Normal</tickerType>
		  </value>
    </Operation>
    <Operation Class="PatchOperationAdd">
		<xpath>/Defs/ThingDef[defName = "MultiAnalyzer"]/comps</xpath>
		  <value>
			  <li Class="CompProperties_Refuelable">
				<fuelLabel>Analyzer Data</fuelLabel>
				<fuelConsumptionRate>0.33</fuelConsumptionRate>
				<fuelCapacity>1</fuelCapacity>
				<fuelFilter>
				  <thingDefs>
					<li>AnalyzerData</li>
				  </thingDefs>
				</fuelFilter>
				<showAllowAutoRefuelToggle>true</showAllowAutoRefuelToggle>
			  </li>
		  </value>
    </Operation>
    <Operation Class="PatchOperationAddModExtension">
		<xpath>/Defs/ThingDef[defName = "MultiAnalyzer"]</xpath>
		  <value>
			<li Class="ResearchData.FuelExtension">
				<stopWhenPowerIsOff>True</stopWhenPowerIsOff>
				<facilityNotActiveWhenFuelEmpty>True</facilityNotActiveWhenFuelEmpty>
			</li>
		  </value>
    </Operation>

</Patch>