<?xml version="1.0" encoding="utf-8"?>
<Defs>

    <ThingCategoryDef>
      <defName>Research</defName>
      <label>Research</label>
      <parent>Manufactured</parent>
      <iconPath>Icons/ResearchIcon</iconPath>
      <resourceReadoutRoot>true</resourceReadoutRoot>
    </ThingCategoryDef>
    
    <ThingCategoryDef>
      <defName>Samples</defName>
      <label>Samples</label>
      <parent>Research</parent>
      <iconPath>Icons/SamplesIcon</iconPath>
    </ThingCategoryDef>
	
    <ThingCategoryDef>
      <defName>Schematics</defName>
      <label>Schematics</label>
      <parent>Research</parent>
      <iconPath>Icons/SchematicsIcon</iconPath>
    </ThingCategoryDef>
	
</Defs>
