<?xml version="1.0" encoding="utf-8" ?>
<Defs> 

<!--=============== Research Sample Bench ====================-->
  <ThingDef ParentName="BenchBase">
    <defName>ResearchSampleBench</defName>
    <label>Research Sample Bench</label>
    <description>The research samples bench is used to collect research samples to write research papers and assemble research data that is needed to do any research. Links to research benches: +10% research bonus.</description>
    <thingClass>Building_WorkTable</thingClass>
    <graphicData>
      <texPath>ResearchSampleBench/ResearchSampleBench</texPath>
      <graphicClass>Graphic_Multi</graphicClass>
      <drawSize>(2,1)</drawSize>
      <shaderType>CutoutComplex</shaderType>
      <damageData>
        <cornerTL>Damage/Corner</cornerTL>
        <cornerTR>Damage/Corner</cornerTR>
        <cornerBL>Damage/Corner</cornerBL>
        <cornerBR>Damage/Corner</cornerBR>
      </damageData>
    </graphicData>
    <castEdgeShadows>true</castEdgeShadows>
    <staticSunShadowHeight>0.20</staticSunShadowHeight>
    <stuffCategories>
		<li>Metallic</li>
		<li>Woody</li>
		<li>Stony</li>
    </stuffCategories>
    <costStuffCount>30</costStuffCount>
	<costList>
		<Steel>15</Steel>
	</costList>
    <altitudeLayer>Building</altitudeLayer>
    <fillPercent>0.5</fillPercent>
    <useHitPoints>True</useHitPoints>
    <statBases>
      <WorkToBuild>2000</WorkToBuild>
      <MaxHitPoints>180</MaxHitPoints>
      <Flammability>1.0</Flammability>
    </statBases>
    <size>(2,1)</size>
    <designationCategory>Production</designationCategory>
    <uiOrder>2400</uiOrder>
    <passability>PassThroughOnly</passability>
    <pathCost>50</pathCost>
    <hasInteractionCell>True</hasInteractionCell>
    <interactionCellOffset>(0,0,-1)</interactionCellOffset>
    <surfaceType>Item</surfaceType>
    <inspectorTabs>
      <li>ITab_Bills</li>
    </inspectorTabs>
    <building>
      <spawnedConceptLearnOpportunity>BillsTab</spawnedConceptLearnOpportunity>
      <paintable>true</paintable>
    </building>
    <comps>
	  <li Class="CompProperties_Facility">
		  <statOffsets>
			<ResearchSpeedFactor>0.1</ResearchSpeedFactor>
		  </statOffsets>
		  <maxSimultaneous>1</maxSimultaneous>
	  </li>
    </comps>
    <placeWorkers>
      <li>PlaceWorker_ShowFacilitiesConnections</li>
      <li>PlaceWorker_PreventInteractionSpotOverlap</li>
    </placeWorkers>
  </ThingDef>
 
<!--=============== Archotech Analyzer ====================--> 
  <ThingDef ParentName="BuildingBase">
    <defName>ArchotechAnalyzer</defName>
    <label>Archotech Analyzer</label>
    <description>The Archotech Analyzer is a very high-tech reconstruction of the Analyzer modul, combind with archotech data. It uses Archotech Data when build and to function, constantly use data at all time, giving a huge +50% resourch bonus when active.</description>
    <graphicData>
      <texPath>ArchotechAnalyzer/ArchotechAnalyzer</texPath>
      <graphicClass>Graphic_Multi</graphicClass>
	  <shaderType>CutoutComplex</shaderType>
      <drawSize>2.46875</drawSize>
	  <color>(133,133,133)</color>
    </graphicData>
    <uiIconScale>0.85</uiIconScale>
    <researchPrerequisites><li>MultiAnalyzer</li></researchPrerequisites>
    <size>(2,2)</size>
    <rotatable>false</rotatable>
    <altitudeLayer>Building</altitudeLayer>
    <passability>PassThroughOnly</passability>
    <castEdgeShadows>true</castEdgeShadows>
    <fillPercent>0.5</fillPercent>
    <designationHotKey>Misc4</designationHotKey>
    <designationCategory>Misc</designationCategory>
    <minifiedDef>MinifiedThing</minifiedDef>
    <canOverlapZones>false</canOverlapZones>
    <terrainAffordanceNeeded>Medium</terrainAffordanceNeeded>
    <thingCategories>
      <li>BuildingsMisc</li>
    </thingCategories>
    <statBases>
      <MaxHitPoints>200</MaxHitPoints>
      <WorkToBuild>10000</WorkToBuild>
      <Mass>60</Mass>
      <Flammability>1.0</Flammability>
    </statBases>
    <costList>
	  <ArchotechData>1</ArchotechData>
      <Steel>40</Steel>
      <Plasteel>50</Plasteel>
      <Gold>20</Gold>
      <ComponentIndustrial>8</ComponentIndustrial>
    </costList>
    <building>
      <destroySound>BuildingDestroyed_Metal_Medium</destroySound>
	  <paintable>true</paintable>
    </building>
	<tickerType>Normal</tickerType>
    <comps>
      <li Class="CompProperties_Power">
        <compClass>CompPowerTrader</compClass>
        <shortCircuitInRain>true</shortCircuitInRain>
        <basePowerConsumption>300</basePowerConsumption>
      </li>
      <li Class="CompProperties_Flickable"/>
      <li Class="CompProperties_Facility">
        <statOffsets>
          <ResearchSpeedFactor>0.5</ResearchSpeedFactor>
        </statOffsets>
        <maxSimultaneous>1</maxSimultaneous>
      </li>
		<li Class="CompProperties_Refuelable">
			<fuelLabel>Archotech Data</fuelLabel>
			<fuelConsumptionRate>0.33</fuelConsumptionRate>
			<fuelCapacity>1</fuelCapacity>
			<fuelFilter>
				<thingDefs>
					<li>ArchotechData</li>
				</thingDefs>
			</fuelFilter>
			<showAllowAutoRefuelToggle>true</showAllowAutoRefuelToggle>
		</li>
    </comps>
	<modExtensions>
		<li Class="ResearchData.FuelExtension">
			<stopWhenPowerIsOff>True</stopWhenPowerIsOff>
			<facilityNotActiveWhenFuelEmpty>True</facilityNotActiveWhenFuelEmpty>
		</li>
	</modExtensions>
    <placeWorkers>
      <li>PlaceWorker_ShowFacilitiesConnections</li>
    </placeWorkers>
    <constructionSkillPrerequisite>10</constructionSkillPrerequisite>
  </ThingDef>

</Defs>
