﻿<?xml version="1.0" encoding="UTF-8"?>
<Defs>

<!--=============== Organic Research Samples ====================-->
  <RecipeDef>
    <defName>OrganicResearchSamplesRecipe</defName>
    <label>Collect Organic Research Samples</label>
    <description>Organic research samples are collected from organic nutrition, to use and examined when writing research papers or assembling research data.</description>
    <jobString>Collecting Organic Research Samples.</jobString>
    <workAmount>4000</workAmount>
    <workSpeedStat>GeneralLaborSpeed</workSpeedStat>
    <effectWorking>Cook</effectWorking>
    <soundWorking>Interact_Research</soundWorking>
    <allowMixingIngredients>true</allowMixingIngredients>
    <ingredientValueGetterClass>IngredientValueGetter_Nutrition</ingredientValueGetterClass>
    <fixedIngredientFilter>
      <categories>
        <li>FoodRaw</li>
      </categories>
      <specialFiltersToDisallow>
        <li>AllowPlantFood</li>
      </specialFiltersToDisallow>
    </fixedIngredientFilter>
    <defaultIngredientFilter>
      <categories>
        <li>FoodRaw</li>
      </categories>
    </defaultIngredientFilter>
    <ingredients>
      <li>
        <filter>
          <categories>
            <li>FoodRaw</li>
          </categories>
        </filter>
        <count>0.5</count>
      </li>
    </ingredients>
    <products>
      <OrganicResearchSamples>1</OrganicResearchSamples>
    </products>
	<recipeUsers>
		<li>ResearchSampleBench</li>
	</recipeUsers>
	<workSkill>Intellectual</workSkill>
	<skillRequirements>
      <Plants>2</Plants>
      <Cooking>2</Cooking>
    </skillRequirements>
  </RecipeDef> 
    
<!--=============== Metallic Research Samples ====================-->
  <RecipeDef>
    <defName>MetallicResearchSamplesRecipe</defName>
    <label>Collect Metallic Research Samples</label>
    <description>Metallic research samples are collected from metallic resources, to use and examined when writing research papers or assembling research data.</description>
    <jobString>Collecting Metallic Research Samples.</jobString>
    <workAmount>4000</workAmount>
    <workSpeedStat>GeneralLaborSpeed</workSpeedStat>
    <effectWorking>Cook</effectWorking>
    <soundWorking>Interact_Research</soundWorking>
    <allowMixingIngredients>true</allowMixingIngredients>
	<ingredients>
      <li>
        <filter>
			<thingDefs>
				<li>Steel</li>
				<li>Plasteel</li>
				<li>Uranium</li>
			</thingDefs>
        </filter>
        <count>10</count>
      </li>
    </ingredients>
	<fixedIngredientFilter>
			<thingDefs>
				<li>Steel</li>
				<li>Plasteel</li>
				<li>Uranium</li>
			</thingDefs>
    </fixedIngredientFilter>
    <products>
      <MetallicResearchSamples>1</MetallicResearchSamples>
    </products>
	<recipeUsers>
		<li>ResearchSampleBench</li>
	</recipeUsers>
	<workSkill>Intellectual</workSkill>
	<skillRequirements>
      <Crafting>2</Crafting>
      <Construction>2</Construction>
    </skillRequirements>
  </RecipeDef> 
      
<!--=============== Fabric Research Samples ====================-->
  <RecipeDef>
    <defName>FabricResearchSamplesRecipe</defName>
    <label>Collect Fabric Research Samples</label>
    <description>Fabric research samples are collected from cloth and leather fabrics, to use and examined when writing research papers or assembling research data.</description>
    <jobString>Collecting Fabric Research Samples.</jobString>
    <workAmount>4000</workAmount>
    <workSpeedStat>GeneralLaborSpeed</workSpeedStat>
    <effectWorking>Cook</effectWorking>
    <soundWorking>Interact_Research</soundWorking>
    <allowMixingIngredients>true</allowMixingIngredients>
    <fixedIngredientFilter>
      <categories>
        <li>Textiles</li>
      </categories>
    </fixedIngredientFilter>
    <ingredients>
      <li>
        <filter>
          <categories>
            <li>Textiles</li>
          </categories>
        </filter>
        <count>10</count>
      </li>
    </ingredients>
    <products>
      <FabricResearchSamples>1</FabricResearchSamples>
    </products>
	<recipeUsers>
		<li>ResearchSampleBench</li>
	</recipeUsers>
	<workSkill>Intellectual</workSkill>
	<skillRequirements>
      <Animals>2</Animals>
      <Medicine>2</Medicine>
    </skillRequirements>
  </RecipeDef> 
    
<!--=============== Component Research Samples ====================-->
  <RecipeDef>
    <defName>ComponentResearchSamplesRecipe</defName>
    <label>Collect Component Research Samples</label>
    <description>Component research samples are collected from Industrial components, to use and examined when assembling research data.</description>
    <jobString>Collecting Component Research Samples.</jobString>
    <workAmount>4000</workAmount>
    <workSpeedStat>GeneralLaborSpeed</workSpeedStat>
    <effectWorking>Cook</effectWorking>
    <soundWorking>Interact_Research</soundWorking>
	<researchPrerequisites>
      <li>MicroelectronicsBasics</li>
    </researchPrerequisites>
    <allowMixingIngredients>true</allowMixingIngredients>
	<ingredients>
      <li>
        <filter>
			<thingDefs>
				<li>ComponentIndustrial</li>
			</thingDefs>
        </filter>
        <count>1</count>
      </li>
    </ingredients>
    <products>
      <ComponentResearchSamples>1</ComponentResearchSamples>
    </products>
	<recipeUsers>
		<li>ResearchSampleBench</li>
	</recipeUsers>
	<workSkill>Intellectual</workSkill>
	<skillRequirements>
      <Intellectual>5</Intellectual>
    </skillRequirements>
  </RecipeDef> 

<!--=============== Organic Research Samples - Expert x2 ====================-->
  <RecipeDef>
    <defName>OrganicResearchSamplesExpertRecipe</defName>
    <label>Expert - Collect Organic Research Samples x2</label>
    <description>Organic Research Samples are collected from organic nutrition, to use and examined when writing research papers or assembling research data.</description>
    <jobString>Collecting Organic Research Samples.</jobString>
    <workAmount>1500</workAmount>
    <workSpeedStat>GeneralLaborSpeed</workSpeedStat>
    <effectWorking>Cook</effectWorking>
    <soundWorking>Interact_Research</soundWorking>
    <allowMixingIngredients>true</allowMixingIngredients>
    <ingredientValueGetterClass>IngredientValueGetter_Nutrition</ingredientValueGetterClass>
    <fixedIngredientFilter>
      <categories>
        <li>FoodRaw</li>
      </categories>
      <specialFiltersToDisallow>
        <li>AllowPlantFood</li>
      </specialFiltersToDisallow>
    </fixedIngredientFilter>
    <defaultIngredientFilter>
      <categories>
        <li>FoodRaw</li>
      </categories>
    </defaultIngredientFilter>
    <ingredients>
      <li>
        <filter>
          <categories>
            <li>FoodRaw</li>
          </categories>
        </filter>
        <count>0.75</count>
      </li>
    </ingredients>
    <products>
      <OrganicResearchSamples>2</OrganicResearchSamples>
    </products>
	<recipeUsers>
		<li>ResearchSampleBench</li>
	</recipeUsers>
	<workSkill>Intellectual</workSkill>
	<skillRequirements>
      <Plants>5</Plants>
      <Cooking>5</Cooking>
    </skillRequirements>
  </RecipeDef> 
  
<!--=============== Metallic Research Samples - Expert x2 ====================-->
  <RecipeDef>
    <defName>MetallicResearchSamplesExpertRecipe</defName>
    <label>Expert - Collect Metallic Research Samples x2</label>
    <description>Metallic research samples are collected from metallic resources, to use and examined when writing research papers or assembling research data.</description>
    <jobString>Collecting Metallic Research Samples.</jobString>
    <workAmount>1500</workAmount>
    <workSpeedStat>GeneralLaborSpeed</workSpeedStat>
    <effectWorking>Cook</effectWorking>
    <soundWorking>Interact_Research</soundWorking>
    <allowMixingIngredients>true</allowMixingIngredients>
	<ingredients>
      <li>
        <filter>
			<thingDefs>
				<li>Steel</li>
				<li>Plasteel</li>
				<li>Uranium</li>
			</thingDefs>
        </filter>
        <count>15</count>
      </li>
    </ingredients>
	<fixedIngredientFilter>
			<thingDefs>
				<li>Steel</li>
				<li>Plasteel</li>
				<li>Uranium</li>
			</thingDefs>
    </fixedIngredientFilter>
    <products>
      <MetallicResearchSamples>2</MetallicResearchSamples>
    </products>
	<recipeUsers>
		<li>ResearchSampleBench</li>
	</recipeUsers>
	<workSkill>Intellectual</workSkill>
	<skillRequirements>
      <Crafting>5</Crafting>
      <Construction>5</Construction>
    </skillRequirements>
  </RecipeDef>   
  
<!--=============== Fabric Research Samples - Expert x2 ====================-->
  <RecipeDef>
    <defName>FabricResearchSamplesExpertRecipe</defName>
    <label>Expert - Collect Fabric Research Samples x2</label>
    <description>Fabric research samples are collected from cloth and leather fabrics, to use and examined when writing research papers or assembling research data.</description>
    <jobString>Collecting Fabric Research Samples.</jobString>
    <workAmount>1500</workAmount>
    <workSpeedStat>GeneralLaborSpeed</workSpeedStat>
    <effectWorking>Cook</effectWorking>
    <soundWorking>Interact_Research</soundWorking>
    <allowMixingIngredients>true</allowMixingIngredients>
    <fixedIngredientFilter>
      <categories>
        <li>Textiles</li>
      </categories>
    </fixedIngredientFilter>
    <ingredients>
      <li>
        <filter>
          <categories>
            <li>Textiles</li>
          </categories>
        </filter>
        <count>15</count>
      </li>
    </ingredients>
    <products>
      <FabricResearchSamples>2</FabricResearchSamples>
    </products>
	<recipeUsers>
		<li>ResearchSampleBench</li>
	</recipeUsers>
	<workSkill>Intellectual</workSkill>
	<skillRequirements>
      <Animals>5</Animals>
      <Medicine>5</Medicine>
    </skillRequirements>
  </RecipeDef> 
  
<!--=============== Component Research Samples - Expert x2 ====================-->
  <RecipeDef>
    <defName>ComponentResearchSamplesExpertRecipe</defName>
    <label>Expert - Collect Component Research Samples x2</label>
    <description>Component research samples are collected from Industrial components, to use and examined when assembling research data.</description>
    <jobString>Collecting Component Research Samples.</jobString>
    <workAmount>1500</workAmount>
    <workSpeedStat>GeneralLaborSpeed</workSpeedStat>
    <effectWorking>Cook</effectWorking>
    <soundWorking>Interact_Research</soundWorking>
	<researchPrerequisites>
      <li>MicroelectronicsBasics</li>
    </researchPrerequisites>
    <allowMixingIngredients>true</allowMixingIngredients>
	<ingredients>
      <li>
        <filter>
			<thingDefs>
				<li>ComponentIndustrial</li>
			</thingDefs>
        </filter>
        <count>2</count>
      </li>
    </ingredients>
    <products>
      <ComponentResearchSamples>2</ComponentResearchSamples>
    </products>
	<recipeUsers>
		<li>ResearchSampleBench</li>
	</recipeUsers>
	<workSkill>Intellectual</workSkill>
	<skillRequirements>
      <Intellectual>10</Intellectual>
    </skillRequirements>
  </RecipeDef> 
	
</Defs>
