<?xml version="1.0" encoding="utf-8"?>
<ModMetaData>
  <name>Research Data</name>
  <author>kongkim</author>
  <description>Research Data is a lightweight research mod mostly using Rimworlds own mechanics. The mod aims to make researching a bit more interesting than just standing still behind the research bench. Collect research samples, create research papers and data, and add them to the research benched to start researching.</description>
  <packageId>kongkim.ResearchData</packageId>
	<supportedVersions>
		<li>1.4</li>
		<li>1.5</li>
	</supportedVersions>
   <!-- <loadAfter>
		<li>Ludeon.RimWorld</li>
		<li>Ludeon.RimWorld.BioTech</li>
		<li>OskarPotocki.VanillaFactionsExpanded.Core</li>
    </loadAfter> -->
</ModMetaData>
