<?xml version="1.0" encoding="utf-8"?>
<Defs>

  <!--=============== Organic Research Samples ====================-->
   <ThingDef ParentName="ResourceBase">
    <defName>OrganicResearchSamples</defName>
    <label>Organic Research Samples</label>
    <description>Organic research samples are collected from organic nutrition, to use and examined when writing research papers or assembling research data.</description>
    <graphicData>
      <texPath>ResearchSamplesOrganic</texPath>
      <graphicClass>Graphic_StackCount</graphicClass>
    </graphicData>
    <soundInteract>Standard_Drop</soundInteract>
    <soundDrop>Standard_Drop</soundDrop>
    <techLevel>Neolithic</techLevel>
	<stackLimit>25</stackLimit>	
    <statBases>
      <MaxHitPoints>60</MaxHitPoints>
      <MarketValue>15</MarketValue>
      <Mass>0.6</Mass>
      <Flammability>1.0</Flammability>
      <DeteriorationRate>1.5</DeteriorationRate>
    </statBases>
    <burnableByRecipe>true</burnableByRecipe>
    <healthAffectsPrice>false</healthAffectsPrice>
    <thingCategories>
      <li>Samples</li>
    </thingCategories>
  </ThingDef>
  
  <!--=============== Metallic Research Samples ====================-->
   <ThingDef ParentName="ResourceBase">
    <defName>MetallicResearchSamples</defName>
    <label>Metallic Research Samples</label>
    <description>Metallic research samples are collected from metallic resources, to use and examined when writing research papers or assembling research data.</description>
    <graphicData>
      <texPath>ResearchSamplesMetallic</texPath>
      <graphicClass>Graphic_StackCount</graphicClass>
    </graphicData>
    <soundInteract>Standard_Drop</soundInteract>
    <soundDrop>Standard_Drop</soundDrop>
    <techLevel>Neolithic</techLevel>
	<stackLimit>25</stackLimit>	
    <statBases>
      <MaxHitPoints>60</MaxHitPoints>
      <MarketValue>15</MarketValue>
      <Mass>0.6</Mass>
      <Flammability>1.0</Flammability>
      <DeteriorationRate>1.5</DeteriorationRate>
    </statBases>
	<costStuffCount>10</costStuffCount>
    <burnableByRecipe>true</burnableByRecipe>
    <healthAffectsPrice>false</healthAffectsPrice>
    <thingCategories>
      <li>Samples</li>
    </thingCategories>
  </ThingDef>

  <!--=============== Fabric Research Samples ====================-->
   <ThingDef ParentName="ResourceBase">
    <defName>FabricResearchSamples</defName>
    <label>Fabric Research Samples</label>
    <description>Fabric research samples are collected from cloth and leather fabrics, to use and examined when writing research papers or assembling research data.</description>
    <graphicData>
      <texPath>ResearchSamplesFabric</texPath>
      <graphicClass>Graphic_StackCount</graphicClass>
    </graphicData>
    <soundInteract>Standard_Drop</soundInteract>
    <soundDrop>Standard_Drop</soundDrop>
    <techLevel>Neolithic</techLevel>
	<stackLimit>25</stackLimit>	
    <statBases>
      <MaxHitPoints>60</MaxHitPoints>
      <MarketValue>15</MarketValue>
      <Mass>0.6</Mass>
      <Flammability>1.0</Flammability>
      <DeteriorationRate>1.5</DeteriorationRate>
    </statBases>
    <burnableByRecipe>true</burnableByRecipe>
    <healthAffectsPrice>false</healthAffectsPrice>
    <thingCategories>
      <li>Samples</li>
    </thingCategories>
  </ThingDef>

  <!--=============== Component Research Samples ====================-->
   <ThingDef ParentName="ResourceBase">
    <defName>ComponentResearchSamples</defName>
    <label>Component Research Samples</label>
    <description>Component research samples are collected from Industrial components, to use and examined when assembling research data.</description>
    <graphicData>
      <texPath>ResearchSamplesComponent</texPath>
      <graphicClass>Graphic_StackCount</graphicClass>
    </graphicData>
    <soundInteract>Standard_Drop</soundInteract>
    <soundDrop>Standard_Drop</soundDrop>
    <techLevel>Industrial</techLevel>
	<stackLimit>25</stackLimit>	
    <statBases>
      <MaxHitPoints>60</MaxHitPoints>
      <MarketValue>32</MarketValue>
      <Mass>0.6</Mass>
      <Flammability>1.0</Flammability>
      <DeteriorationRate>1.5</DeteriorationRate>
    </statBases>
    <burnableByRecipe>true</burnableByRecipe>
    <healthAffectsPrice>false</healthAffectsPrice>
    <thingCategories>
      <li>Samples</li>
    </thingCategories>
  </ThingDef>
  
</Defs>
