﻿<?xml version="1.0" encoding="utf-8" ?>
<Defs>

<!--=============== Schematics Base ====================-->
  <ThingDef Name="SchematicsBase" Abstract="True">
    <thingClass>ThingWithComps</thingClass>
    <category>Item</category>
    <drawerType>MapMeshOnly</drawerType>
    <useHitPoints>true</useHitPoints>
    <healthAffectsPrice>false</healthAffectsPrice>
    <selectable>true</selectable>
    <statBases>
      <MaxHitPoints>50</MaxHitPoints>
      <Flammability>1.0</Flammability>
      <DeteriorationRate>2</DeteriorationRate>
    </statBases>
    <altitudeLayer>Item</altitudeLayer>
    <stackLimit>25</stackLimit>
    <thingCategories>
      <li>Schematics</li>
    </thingCategories>
    <alwaysHaulable>true</alwaysHaulable>
    <comps>
      <li Class="CompProperties_Forbiddable" />
    </comps>
    <pathCost>14</pathCost>
    <burnableByRecipe>true</burnableByRecipe>
    <resourceReadoutPriority>Last</resourceReadoutPriority>
    <drawGUIOverlay>true</drawGUIOverlay>
    <allowedArchonexusCount>-1</allowedArchonexusCount>
    <ingestible>
      <preferability>NeverForNutrition</preferability>
      <maxNumToIngestAtOnce>1</maxNumToIngestAtOnce>
      <chairSearchRadius>8</chairSearchRadius>
    </ingestible>
    <storedConceptLearnOpportunity>DrugPolicies</storedConceptLearnOpportunity>
    <orderedTakeGroup>Drug</orderedTakeGroup>
  </ThingDef>
  
   <ThingDef Name="SchematicsIngestible" ParentName="SchematicsBase" Abstract="True">
    <ingestible>
      <foodType>Processed</foodType>
      <baseIngestTicks>100</baseIngestTicks>
      <chairSearchRadius>0</chairSearchRadius>
      <ingestSound>Ingest_Pill</ingestSound>
      <ingestHoldUsesTable>false</ingestHoldUsesTable>
      <ingestCommandString>Read {0}</ingestCommandString>
      <ingestReportString>Reading {0}.</ingestReportString>
    </ingestible>
    <!-- <socialPropernessMatters>true</socialPropernessMatters> -->
  </ThingDef>

<!--=============== Biology Schematics ====================-->
  <ThingDef ParentName="SchematicsIngestible">
    <defName>BiologySchematics</defName>
    <label>Bio. Schematics</label>
    <description>Biology schematics are helpful when doing research, as they give a better research understanding for a time when read. They come in 3 types and stack with each other.\n\nSchematics works with the drug policy system but without any negative sides besides the cost, as they are expansive but can give a huge bonus to your research if stacked together.</description>
    <descriptionHyperlinks>
      <HediffDef>BiologySchematicsBonus</HediffDef>
    </descriptionHyperlinks>
    <graphicData>
      <texPath>BiologySchematics</texPath>
      <graphicClass>Graphic_StackCount</graphicClass>
    </graphicData>
    <rotatable>false</rotatable>
    <statBases>
      <MarketValue>120</MarketValue>
      <Mass>0.005</Mass>
    </statBases>
    <techLevel>Industrial</techLevel>
    <thingSetMakerTags>
      <li>RewardStandardMidFreq</li>
    </thingSetMakerTags>
    <ingestible>
	  <nurseable>true</nurseable>
	  <drugCategory>Medical</drugCategory>
      <outcomeDoers>
        <li Class="IngestionOutcomeDoer_GiveHediff">
          <hediffDef>BiologySchematicsBonus</hediffDef>
		  <severity>1</severity>
        </li>
      </outcomeDoers>
    </ingestible>
	<comps>
		<li Class="CompProperties_Drug">
			<listOrder>0</listOrder>
		</li>
	</comps>
  </ThingDef>
  
  <HediffDef>
    <defName>BiologySchematicsBonus</defName>
    <label>Biology Schematics</label>
    <labelNoun>a biology schematic</labelNoun>
    <description>Biology schematics are helpful when doing research, as they give a better research understanding for a time when read. They come in 3 types and stack with each other.\n\nSchematics works with the drug policy system but without any negative sides besides the cost, as they are expansive but can give a huge bonus to your research if stacked together.</description>
    <hediffClass>Hediff_High</hediffClass>
    <scenarioCanAdd>true</scenarioCanAdd>
    <maxSeverity>1.0</maxSeverity>
    <isBad>false</isBad>
    <comps>
      <li Class="HediffCompProperties_SeverityPerDay">
		<severityPerDay>-1</severityPerDay>
        <showHoursToRecover>true</showHoursToRecover>
      </li>
    </comps>
      <stages>
        <li>
          <statOffsets>
			<ResearchSpeedFactor>0.1</ResearchSpeedFactor>
          </statOffsets>
        </li>
      </stages>
  </HediffDef>
  
<!--=============== Clinical Schematics ====================-->
  <ThingDef ParentName="SchematicsIngestible">
    <defName>ClinicalSchematics</defName>
    <label>Cli. Schematics</label>
    <description>Clinical schematics are helpful when doing research, as they give a better research understanding for a time when read. They come in 3 types and stack with each other.\n\nSchematics works with the drug policy system but without any negative sides besides the cost, as they are expansive but can give a huge bonus to your research if stacked together.</description>
    <descriptionHyperlinks>
      <HediffDef>ClinicalSchematicsBonus</HediffDef>
    </descriptionHyperlinks>
    <graphicData>
      <texPath>ClinicalSchematics</texPath>
      <graphicClass>Graphic_StackCount</graphicClass>
    </graphicData>
    <rotatable>false</rotatable>
    <statBases>
      <MarketValue>120</MarketValue>
      <Mass>0.005</Mass>
    </statBases>
    <techLevel>Industrial</techLevel>
    <thingSetMakerTags>
      <li>RewardStandardMidFreq</li>
    </thingSetMakerTags>
    <ingestible>
	  <nurseable>true</nurseable>
	  <drugCategory>Medical</drugCategory>
      <outcomeDoers>
        <li Class="IngestionOutcomeDoer_GiveHediff">
          <hediffDef>ClinicalSchematicsBonus</hediffDef>
		  <severity>1</severity>
        </li>
      </outcomeDoers>
    </ingestible>
	<comps>
		<li Class="CompProperties_Drug">
			<listOrder>0</listOrder>
		</li>
	</comps>
  </ThingDef>
  
  <HediffDef>
    <defName>ClinicalSchematicsBonus</defName>
    <label>Clinical Schematics</label>
    <labelNoun>a clinical schematic</labelNoun>
    <description>Clinical schematics are helpful when doing research, as they give a better research understanding for a time when read. They come in 3 types and stack with each other.\n\nSchematics works with the drug policy system but without any negative sides besides the cost, as they are expansive but can give a huge bonus to your research if stacked together.</description>
    <hediffClass>Hediff_High</hediffClass>
    <scenarioCanAdd>true</scenarioCanAdd>
    <maxSeverity>1.0</maxSeverity>
    <isBad>false</isBad>
    <comps>
      <li Class="HediffCompProperties_SeverityPerDay">
		<severityPerDay>-1</severityPerDay>
        <showHoursToRecover>true</showHoursToRecover>
      </li>
    </comps>
      <stages>
        <li>
          <statOffsets>
			<ResearchSpeedFactor>0.1</ResearchSpeedFactor>
          </statOffsets>
        </li>
      </stages>
  </HediffDef>
  
<!--=============== Engineering Schematics ====================-->
  <ThingDef ParentName="SchematicsIngestible">
    <defName>EngineeringSchematics</defName>
    <label>Eng. Schematics</label>
    <description>Engineering schematics are helpful when doing research, as they give a better research understanding for a time when read. They come in 3 types and stack with each other.\n\nSchematics works with the drug policy system but without any negative sides besides the cost, as they are expansive but can give a huge bonus to your research if stacked together.</description>
    <descriptionHyperlinks>
      <HediffDef>EngineeringSchematicsBonus</HediffDef>
    </descriptionHyperlinks>
    <graphicData>
      <texPath>EngineeringSchematics</texPath>
      <graphicClass>Graphic_StackCount</graphicClass>
    </graphicData>
    <rotatable>false</rotatable>
    <statBases>
      <MarketValue>120</MarketValue>
      <Mass>0.005</Mass>
    </statBases>
    <techLevel>Industrial</techLevel>
    <thingSetMakerTags>
      <li>RewardStandardMidFreq</li>
    </thingSetMakerTags>
    <ingestible>
	  <nurseable>true</nurseable>
	  <drugCategory>Medical</drugCategory>
      <outcomeDoers>
        <li Class="IngestionOutcomeDoer_GiveHediff">
          <hediffDef>EngineeringSchematicsBonus</hediffDef>
		  <severity>1</severity>
        </li>
      </outcomeDoers>
    </ingestible>
	<comps>
		<li Class="CompProperties_Drug">
			<listOrder>0</listOrder>
		</li>
	</comps>
  </ThingDef>
  
  <HediffDef>
    <defName>EngineeringSchematicsBonus</defName>
    <label>Engineering Schematics</label>
    <labelNoun>a engineering schematic</labelNoun>
    <description>Engineering schematics are helpful when doing research, as they give a better research understanding for a time when read. They come in 3 types and stack with each other.\n\nSchematics works with the drug policy system but without any negative sides besides the cost, as they are expansive but can give a huge bonus to your research if stacked together.</description>
    <hediffClass>Hediff_High</hediffClass>
    <scenarioCanAdd>true</scenarioCanAdd>
    <maxSeverity>1.0</maxSeverity>
    <isBad>false</isBad>
    <comps>
      <li Class="HediffCompProperties_SeverityPerDay">
		<severityPerDay>-1</severityPerDay>
        <showHoursToRecover>true</showHoursToRecover>
      </li>
    </comps>
      <stages>
        <li>
          <statOffsets>
			<ResearchSpeedFactor>0.1</ResearchSpeedFactor>
          </statOffsets>
        </li>
      </stages>
  </HediffDef>
  
</Defs>
