﻿<?xml version="1.0" encoding="UTF-8"?>
<Defs>

<!--============ Make - Biology Schematics =================-->
  <RecipeDef>
    <defName>BiologySchematicsRecipe</defName>
    <label>Make Biology Schematics</label>
    <description>Biology schematics are helpful when doing research, as they give a better research understanding for a time when read. They come in 3 types and stack with each other.\n\nSchematics works with the drug policy system but without any negative sides besides the cost, as they are expansive but can give a huge bonus to your research if stacked together.</description>
    <jobString>Makeing Biology Schematics.</jobString>
    <workAmount>800</workAmount>
    <workSpeedStat>GeneralLaborSpeed</workSpeedStat>
    <effectWorking>Cook</effectWorking>
    <soundWorking>Recipe_Smith</soundWorking>
    <ingredients>
      <li>
        <filter>
          <thingDefs>
            <li>OrganicResearchSamples</li>
          </thingDefs>
        </filter>
        <count>2</count>
      </li>
      <li>
        <filter>
          <thingDefs>
            <li>ComponentResearchSamples</li>
          </thingDefs>
        </filter>
        <count>1</count>
      </li>
      <li>
        <filter>
          <thingDefs>
            <li>Steel</li>
          </thingDefs>
        </filter>
        <count>10</count>
      </li>
      <li>
        <filter>
          <thingDefs>
            <li>Gold</li>
          </thingDefs>
        </filter>
        <count>0.5</count>
      </li>
    </ingredients>
    <fixedIngredientFilter>
      <thingDefs>
        <li>OrganicResearchSamples</li>
        <li>ComponentResearchSamples</li>
        <li>Steel</li>
        <li>Gold</li>
      </thingDefs>
    </fixedIngredientFilter>
	<researchPrerequisites>
      <li>MicroelectronicsBasics</li>
    </researchPrerequisites>
    <products>
      <BiologySchematics>1</BiologySchematics>
    </products>
	<recipeUsers>
		<li>ResearchSampleBench</li>
	</recipeUsers>
	<workSkill>Intellectual</workSkill>
	<skillRequirements>
	  <Plants>6</Plants>
      <Cooking>6</Cooking>
      <Intellectual>4</Intellectual>
    </skillRequirements>
  </RecipeDef>
  
<!--============ Make - Clinical Schematics =================-->
  <RecipeDef>
    <defName>ClinicalSchematicsRecipe</defName>
    <label>Make Clinical Schematics</label>
    <description>Clinical schematics are helpful when doing research, as they give a better research understanding for a time when read. They come in 3 types and stack with each other.\n\nSchematics works with the drug policy system but without any negative sides besides the cost, as they are expansive but can give a huge bonus to your research if stacked together.</description>
    <jobString>Makeing Clinical Schematics.</jobString>
    <workAmount>800</workAmount>
    <workSpeedStat>GeneralLaborSpeed</workSpeedStat>
    <effectWorking>Cook</effectWorking>
    <soundWorking>Recipe_Smith</soundWorking>
    <ingredients>
      <li>
        <filter>
          <thingDefs>
            <li>FabricResearchSamples</li>
          </thingDefs>
        </filter>
        <count>2</count>
      </li>
      <li>
        <filter>
          <thingDefs>
            <li>ComponentResearchSamples</li>
          </thingDefs>
        </filter>
        <count>1</count>
      </li>
      <li>
        <filter>
          <thingDefs>
            <li>Steel</li>
          </thingDefs>
        </filter>
        <count>10</count>
      </li>
      <li>
        <filter>
          <thingDefs>
            <li>Gold</li>
          </thingDefs>
        </filter>
        <count>0.5</count>
      </li>
    </ingredients>
    <fixedIngredientFilter>
      <thingDefs>
        <li>FabricResearchSamples</li>
        <li>ComponentResearchSamples</li>
        <li>Steel</li>
        <li>Gold</li>
      </thingDefs>
    </fixedIngredientFilter>
	<researchPrerequisites>
      <li>MicroelectronicsBasics</li>
    </researchPrerequisites>
    <products>
      <ClinicalSchematics>1</ClinicalSchematics>
    </products>
	<recipeUsers>
		<li>ResearchSampleBench</li>
	</recipeUsers>
	<workSkill>Intellectual</workSkill>
	<skillRequirements>
      <Animals>6</Animals>
      <Medicine>6</Medicine>
      <Intellectual>4</Intellectual>
    </skillRequirements>
  </RecipeDef>
  
<!--============ Make - Engineering Schematics =================-->
  <RecipeDef>
    <defName>EngineeringSchematicsRecipe</defName>
    <label>Make Engineering Schematics</label>
    <description>Engineering schematics are helpful when doing research, as they give a better research understanding for a time when read. They come in 3 types and stack with each other.\n\nSchematics works with the drug policy system but without any negative sides besides the cost, as they are expansive but can give a huge bonus to your research if stacked together.</description>
    <jobString>Makeing Engineering Schematics.</jobString>
    <workAmount>800</workAmount>
    <workSpeedStat>GeneralLaborSpeed</workSpeedStat>
    <effectWorking>Cook</effectWorking>
    <soundWorking>Recipe_Smith</soundWorking>
    <ingredients>
      <li>
        <filter>
          <thingDefs>
            <li>MetallicResearchSamples</li>
          </thingDefs>
        </filter>
        <count>2</count>
      </li>
      <li>
        <filter>
          <thingDefs>
            <li>ComponentResearchSamples</li>
          </thingDefs>
        </filter>
        <count>1</count>
      </li>
      <li>
        <filter>
          <thingDefs>
            <li>Steel</li>
          </thingDefs>
        </filter>
        <count>10</count>
      </li>
      <li>
        <filter>
          <thingDefs>
            <li>Gold</li>
          </thingDefs>
        </filter>
        <count>0.5</count>
      </li>
    </ingredients>
    <fixedIngredientFilter>
      <thingDefs>
        <li>MetallicResearchSamples</li>
        <li>ComponentResearchSamples</li>
        <li>Steel</li>
        <li>Gold</li>
      </thingDefs>
    </fixedIngredientFilter>
	<researchPrerequisites>
      <li>MicroelectronicsBasics</li>
    </researchPrerequisites>
    <products>
      <EngineeringSchematics>1</EngineeringSchematics>
    </products>
	<recipeUsers>
		<li>ResearchSampleBench</li>
	</recipeUsers>
	<workSkill>Intellectual</workSkill>
	<skillRequirements>
      <Crafting>6</Crafting>
      <Construction>6</Construction>
      <Intellectual>4</Intellectual>
    </skillRequirements>
  </RecipeDef>
  
</Defs>
