﻿<?xml version="1.0" encoding="utf-8" ?>
<Defs>

  <WorkGiverDef>
    <defName>DoResearchSampleBench</defName>
    <label>craft</label>
    <giverClass>WorkGiver_DoBill</giverClass>
    <workType>Crafting</workType>
    <priorityInType>110</priorityInType>
    <fixedBillGiverDefs>
      <li>ResearchSampleBench</li>
    </fixedBillGiverDefs>
    <verb>Craft</verb>
    <gerund>Crafting at</gerund>
     <requiredCapacities>
      <li>Manipulation</li>
    </requiredCapacities>
    <prioritizeSustains>true</prioritizeSustains>
  </WorkGiverDef>
  
<!--   <WorkGiverDef>
    <defName>DoBillsMending</defName>
    <label>craft</label>
    <giverClass>WorkGiver_DoBill</giverClass>
    <workType>Crafting</workType>
    <priorityInType>110</priorityInType>
    <fixedBillGiverDefs>
      <li>ResearchSampleBench</li>
    </fixedBillGiverDefs>
    <verb>Craft</verb>
    <gerund>Crafting at</gerund>
     <requiredCapacities>
      <li>Manipulation</li>
    </requiredCapacities>
    <prioritizeSustains>true</prioritizeSustains>
  </WorkGiverDef> -->

</Defs>






