<?xml version="1.0" encoding="utf-8" ?>
<Patch>

<!-- Gloomy Furniture Fix -->
  	<Operation Class="PatchOperationFindMod">
		<mods>
			<li>Gloomy Furniture Fix</li>
		</mods>
		<match Class="PatchOperationSequence">
		<operations>

<!-- Remake gloomt fix simple research table so it works -->
		<li Class="PatchOperationReplace">
			<xpath>Defs/ThingDef[defName="RGK_SimpleResearchBench"]</xpath>
			<value>
				<ThingDef ParentName="BenchBase">
					<defName>RGK_SimpleResearchBench</defName>
					<label>simple research bench</label>
					<description>A simple bench with writing implements and simple measurement devices. Researchers work here to discover new things.</description>
					<thingClass>Building_ResearchBench</thingClass>		
					<size>(3,1)</size>
					<stuffCategories>
						<li>Woody</li>
					</stuffCategories>
					<costStuffCount>75</costStuffCount>
					<costList>
						<Steel>25</Steel>
					</costList>
					<graphicData>
						<texPath>Things/Building/Production/RGK_reserch</texPath>
						<graphicClass>Graphic_Multi</graphicClass>
						<shaderType>CutoutComplex</shaderType>
						<drawSize>4</drawSize>
						<damageData>
							<cornerTL>Damage/Corner</cornerTL>
							<cornerTR>Damage/Corner</cornerTR>
							<cornerBL>Damage/Corner</cornerBL>
							<cornerBR>Damage/Corner</cornerBR>
						</damageData>
					</graphicData>
					<castEdgeShadows>true</castEdgeShadows>
					<staticSunShadowHeight>0.20</staticSunShadowHeight>
					<altitudeLayer>Building</altitudeLayer>
					<passability>PassThroughOnly</passability>
					<pathCost>70</pathCost>
					<statBases>
						<MaxHitPoints>250</MaxHitPoints>
						<WorkToBuild>2800</WorkToBuild>
						<Flammability>1.0</Flammability>
						<ResearchSpeedFactor>0.85</ResearchSpeedFactor>
					</statBases>
					<placeWorkers>
						<li>PlaceWorker_ShowFacilitiesConnections</li>
						<li>PlaceWorker_DrawLinesToBookcasesInRoom</li>
					</placeWorkers>
					<comps>
						<li Class="CompProperties_AffectedByFacilities">
							<linkableFacilities>
								<li>GL_Bookshelf</li>
								<li>ResearchSampleBench</li>
							</linkableFacilities>
						</li>
					</comps>					
					<fillPercent>0.5</fillPercent>
					<interactionCellOffset>(0,0,-1)</interactionCellOffset>
					<hasInteractionCell>true</hasInteractionCell>
					<designationCategory>OldStyleFurniture</designationCategory>
					<surfaceType>Item</surfaceType>
					<designationHotKey>Misc8</designationHotKey>
				</ThingDef>
			</value>
		</li>
						
		</operations>
		</match>
	</Operation>

</Patch>